Country,Total_Population,Population_Growth_Rate,Birth_Rate,Death_Rate,Net_Migration_Rate,Median_Age,Sex_Ratio,Infant_Mortality_Rate,Total_Fertility_Rate,Total_Literacy_Rate,Male_Literacy_Rate,Female_Literacy_Rate,Youth_Unemployment_Rate
ALBANIA,3101621,0.19%,12.48,7.36,3.22,34.3,0.97,10.54,1.55,98.4%,38.8%,6%,27.8%
ANDORRA,85468,0.11%,6.87,7.98,0.0,46.2,1.05,3.39,1.46,100%,35.3%,28.3%,36.9%
ARCTIC OCEAN,0,0,0.0,0.0,0.0,0.0,0,0.0,0.0,0,0,0,0
ATLANTIC OCEAN,0,0,0.0,0.0,0.0,0.0,0,0.0,0.0,0,0,0,0
AUSTRALIA,26461166,1.19%,12.23,6.76,6.39,37.5,0.99,2.96,1.73,96.6%,15.6%,11.5%,10.8%
AUSTRIA,8940860,0.31%,9.39,9.86,3.54,44.5,0.96,3.2,1.51,98%,27.7%,25%,11.4%
BELARUS,9383853,0.32%,8.87,12.81,0.72,40.9,0.87,3.23,1.52,99.9%,47.4%,13.5%,11.3%
BELGIUM,11913633,0.55%,10.86,9.57,4.18,41.6,0.97,3.15,1.77,99%,25.8%,21%,19.6%
BOSNIA AND HERZEGOVINA,3807764,0.23%,8.31,10.26,0.38,43.3,0.95,5.1,1.37,98.1%,42%,28%,32.9%
BULGARIA,6827736,0.66%,7.97,14.31,0.29,43.7,0.95,7.82,1.51,98.4%,40.9%,37.1%,14.2%
BURMA,57970293,0.75%,16.04,7.14,1.36,29.2,0.97,32.2,2.0,89.1%,68.5%,19.7%,6.4%
CABO VERDE,603901,1.19%,18.19,5.77,0.57,26.8,0.95,22.96,2.11,90.8%,17.3%,5.4%,34.3%
CANADA,38516736,0.73%,10.11,8.17,5.37,41.8,0.98,4.31,1.57,99%,15.3%,10.7%,14%
CROATIA,4169239,0.47%,8.6,12.98,0.26,43.9,1.01,8.58,1.46,99.4%,37.6%,36.1%,23.6%
CZECHIA,10706242,0%,8.43,10.77,2.32,43.3,1.05,2.37,1.5,99%,35%,26.4%,7.6%
DENMARK,5946984,0.44%,11.25,9.55,2.71,42.0,0.99,3.0,1.77,99%,17.8%,17.1%,10.1%
ESTONIA,1202762,0.74%,8.48,13.13,2.73,43.7,0.89,3.38,1.62,99.9%,36.3%,23%,17.1%
EUROPEAN UNION,450.380.320,0.10%,2020.0,2021.0,2.85,44.0,0.95,3.47,2021.0,98.77%,18.9%,20.4%,19.5%
FINLAND,5614571,0.22%,10.33,10.37,2.25,42.8,0.97,2.11,1.74,,26.9%,16.3%,18.1%
FRANCE,47222613,0.12%,7.1,10.1,4.2,46.3,0.95,2.4,1.29,98.6%,28.6%,26.7%,36.9%
GAZA STRIP,2098389,1.99%,27.2,2.88,4.46,18.0,1.02,14.87,3.34,97.5%,98.8%,96.2%,39.6%
GERMANY,84220184,0.12%,9.02,11.97,1.78,47.8,0.98,3.14,1.58,99%,24.1%,19.9%,7%
GIBRALTAR,29629,0.19%,13.84,8.74,3.24,35.5,1.01,6.13,1.9,80%,,,1%
GREECE,10497595,0.35%,7.52,12.02,1.03,45.3,0.96,3.49,1.4,97.9%,36.5%,30.5%,36.9%
GREENLAND,57777,0.04%,13.66,9.07,4.95,34.3,1.07,8.6,1.9,100%,100%,100%,
GUERNSEY,67642,0.22%,9.73,9.17,1.64,44.3,0.99,3.3,1.59,75.5%,15.9%,15.6%,15.8%
HEARD ISLAND AND MCDONALD ISLANDS,0,0,0.0,0.0,0.0,0.0,0,0.0,0.0,0,0,0,0
HONG KONG,7288167,0.15%,7.85,8.03,1.65,45.6,0.86,2.52,1.23,94%,16.3%,13.6%,15%
HUNGARY,9670009,0.31%,8.58,12.89,1.21,43.6,0.91,4.55,1.49,99.1%,35.8%,27.8%,13.5%
ICELAND,360872,0.89%,12.8,6.57,2.69,37.1,1,1.63,1.95,99%,11.9%,12%,13.4%
INDIAN OCEAN,0,0,0.0,0.0,0.0,0.0,0,0.0,0.0,0,0,0,0
IRELAND,5323991,0.91%,12.08,6.74,3.76,37.8,1,3.41,1.91,99%,22.5%,19%,17.4%
ISLE OF MAN,91840,0.48%,10.49,10.17,4.52,44.6,1.01,4.16,1.88,,11.8%,8.2%,10.1%
ITALY,61021855,0.11%,7.0,11.27,3.2,46.5,0.93,3.11,1.24,99.2%,26.6%,19.5%,30.9%
JAPAN,123719238,0.41%,6.9,11.74,0.74,48.6,0.95,1.88,1.39,99%,30.1%,10%,4.4%
JERSEY,102785,0.61%,12.31,7.75,1.5,37.5,0.97,3.81,1.66,83.1%,15.9%,15.6%,15.8%
"KOREA, NORTH",26072217,0.44%,14.06,9.66,0.04,34.6,0.95,22.0,1.89,100%,34.8%,0%,6.1%
"KOREA, SOUTH",51966948,0.23%,6.95,7.28,2.61,43.2,1.01,2.83,1.11,99%,35.7%,5.9%,7.8%
KOSOVO,1964327,0.54%,11.7,7.2,-0.4,32.6,0.968,24.9,1.87,,44.9%,57.3%,48.8%
LATVIA,1821750,1.13%,8.5,14.69,5.06,44.4,0.87,4.78,1.55,99.9%,50.3%,23.7%,15.5%
LIECHTENSTEIN,39993,0.7%,10.3,8.05,4.78,43.7,0.99,3.98,1.69,100%,9.4%,8.8%,9.1%
LITHUANIA,2655755,1.04%,9.09,15.17,4.34,44.5,0.86,3.61,1.61,99.8%,42.1%,21.8%,19%
LUXEMBOURG,660924,1.58%,11.59,7.17,11.39,39.5,1.02,3.21,1.63,100%,22.4%,19.8%,15.2%
MALTA,467138,0.59%,9.59,8.61,4.96,42.3,1.02,4.45,1.51,94.9%,26.4%,21.6%,9.8%
MEXICO,129875529,0.61%,13.95,7.07,0.77,29.3,0.96,12.0,1.73,95.2%,19.9%,6.2%,8.1%
MOLDOVA,3250532,1.14%,9.94,12.51,8.8,37.7,0.96,11.38,1.59,99.6%,51.7%,6.2%,8.6%
MONACO,31597,0.66%,6.61,10.92,10.89,55.4,0.94,1.75,1.53,99%,25.7%,27.9%,26.6%
MONTENEGRO,602445,0.43%,11.04,10.3,4.99,39.6,0.97,3.2,1.81,99%,31.6%,31.1%,31.6%
NETHERLANDS,17463930,0.36%,10.98,9.27,1.89,42.8,0.98,3.34,1.77,95%,24.4%,19.9%,9.6%
NEW ZEALAND,"5,223,100",0.92%,12.0,7.9,4.4,37.2,0.96,3.6,1.9,99.0%,99.0%,99.0%,9.2%
NORTH MACEDONIA,2133410,0.11%,10.33,9.61,0.38,39.0,0.99,7.16,1.52,98.4%,99.1%,97.6%,34.1%
NORWAY,5597924,0.79%,11.89,7.93,3.89,39.5,1.02,2.28,1.83,97%,17%,15.4%,13%
PACIFIC OCEAN,0,0,0.0,0.0,0.0,0.0,0,0.0,0.0,0,0,0,0
POLAND,37991766,0.28%,8.31,10.75,0.34,41.9,0.94,4.1,1.41,99.8%,27.9%,20.1%,13.4%
PORTUGAL,10223150,0.17%,7.99,10.9,1.2,44.6,0.9,2.47,1.44,95.9%,30.5%,20.2%,23.1%
ROMANIA,18326327,1.01%,8.63,14.92,3.86,42.5,0.93,5.65,1.63,98.9%,35.9%,20%,20.6%
RUSSIA,141698923,0.24%,9.22,13.27,1.7,40.3,0.86,6.33,1.6,99.7%,40.8%,12.8%,16.9%
SERBIA,6693375,0.63%,8.9,15.1,0.0,43.7,0.95,4.6,1.46,99.5%,40.5%,39.1%,30.4%
SLOVAKIA,5425319,0.13%,10.3,11.5,0.0,42.5,0.93,5.3,1.6,99.6%,37.4%,25.6%,21.5%
SLOVENIA,2099790,0.08%,8.1,10.5,1.5,45.9,1,1.5,1.6,99.7%,24.4%,19.6%,13.9%
SOUTHERN OCEAN,0,0,0.0,0.0,0.0,0.0,0,0.0,0.0,0,0,0,0
SPAIN,"47,222,613",0.12%,7.1,10.1,4.2,46.3,0.95,2.4,1.29,98.6%,99.0%,98.2%,33.9%
SWEDEN,10536338,0.51%,10.8,9.5,3.8,41.0,1.01,2.3,1.67,99%,29.8%,18.2%,24.5%
SWITZERLAND,8563760,0.78%,10.2,8.4,6.0,44.0,0.99,3.0,1.59,99%,28.1%,22.9%,9.1%
TAIWAN,23588613,0.03%,7.3,8.0,1.0,44.0,0.97,3.9,1.09,98.5%,99.7%,97.3%,
TURKEY (TURKIYE),83593483,0.64%,14.0,6.1,1.5,33.6,1.01,18.9,1.91,96.7%,21.4%,29.9%,24.3%
UKRAINE,43306477,2.33%,5.8,19.8,37.3,45.3,1,9.0,1.22,100%,40%,11.5%,16.5%
UNITED KINGDOM,68138484,0.49%,10.8,9.1,3.2,40.6,0.97,3.8,1.63,99%,17.3%,13.5%,13.2%
UNITED STATES,339665118,0.68%,12.2,8.4,3.0,38.5,0.97,5.1,1.84,79%,28.4%,17.5%,9.6%
VIETNAM,104799174,0.93%,15.3,5.8,0.2,32.7,1.01,14.4,2.04,95.8%,47.4%,2.2%,7.2%
WORLD,7979261010,1.03%,18.1,7.7,,31.0,1.01,30.8,2.42,86.7%,90.1%,83.3%,17.9%