Country,Geographic_Coordinates,Area_Total,Land_Area,Water_Area,Land_Boundaries,Coastline,Highest_Elevation,Lowest_Elevation,Forest_Land,Other_Land,Agricultural_Land,Arable_Land (%% of Total Agricultural Land),Permanent_Crops (%% of Total Agricultural Land),Permanent_Pasture (%% of Total Agricultural Land),Irrigated_Land
ALBANIA,"41 00 N, 20 00 E","28,748 sq km","27,398 sq km","1,350 sq km",691 km,362 km,"2,764 m",0 m,28.8,28.2,42.8,22.3,3.0,17.4,"1,820 sq km"
ANDORRA,"42 30 N, 1 30 E",468 sq km,468 sq km,0 sq km,118 km,0 km,"2,946 m",840 m,34.0,26.0,40.0,1.7,0.0,38.3,0 sq km
ARCTIC OCEAN,"90 00 N, 0 00 E",15.558 million sq km,0 sq km,15.558 million sq km,0 km,"45,389 km",0 m,"-5,577 m",0.0,0.0,0.0,0.0,0.0,0.0,0 sq km
ATLANTIC OCEAN,"0 00 N, 25 00 W",85.133 million sq km,0 sq km,85.133 million sq km,0 km,"111,866 km",0 m,"-8,605 m",0.0,0.0,0.0,0.0,0.0,0.0,0 sq km
AUSTRALIA,"27 00 S, 133 00 E","7,741,220 sq km","7,682,300 sq km","58,920 sq km",0 km,"25,760 km","2,228 m",-15 m,17.42,33.42,46.65,4.03,0.04,42.58,"15,210 sq km"
AUSTRIA,"47 20 N, 13 20 E","83,871 sq km","82,445 sq km","1,426 sq km","2,524 km",0 km,"3,798 m",115 m,47.2,14.4,38.4,16.5,0.8,21.1,382 sq km
BELARUS,"53 00 N, 28 00 E","207,600 sq km","202,900 sq km","4,700 sq km","3,599 km",0 km,346 m,90 m,42.7,13.6,43.7,27.2,0.6,15.9,303 sq km
BELGIUM,"50 50 N, 4 00 E","30,528 sq km","30,278 sq km",250 sq km,"1,297 km",66.5 km,694 m,0 m,22.4,33.5,44.1,27.2,0.8,16.1,57 sq km
BOSNIA AND HERZEGOVINA,"44 00 N, 18 00 E","51,197 sq km","51,187 sq km",10 sq km,"1,543 km",20 km,"2,386 m",0 m,42.8,15.0,42.2,19.7,2.0,20.5,30 sq km
BULGARIA,"43 00 N, 25 00 E","110,879 sq km","108,489 sq km","2,390 sq km","1,806 km",354 km,"2,925 m",0 m,36.7,16.4,46.9,29.9,1.5,15.5,987 sq km
BURMA,"22 00 N, 98 00 E","676,578 sq km","653,508 sq km","23,070 sq km","6,522 km","1,930 km","5,870 m",0 m,48.2,32.6,19.2,16.5,2.2,0.5,"17,140 sq km"
CABO VERDE,"16 00 N, 24 00 W","4,033 sq km","4,033 sq km",0 sq km,0 km,965 km,"2,829 m",0 m,21.0,60.4,18.6,11.7,0.7,6.2,35 sq km
CANADA,"60 00 N, 95 00 W","9,984,670 sq km","9,093,507 sq km","891,163 sq km","8,892 km","202,080 km","5,959 m",0 m,34.1,59.1,6.8,4.7,0.5,1.6,"9,045 sq km"
CROATIA,"45 10 N, 15 30 E","56,594 sq km","55,974 sq km",620 sq km,"2,237 km","5,835 km","1,831 m",0 m,34.4,41.9,23.7,16.0,1.5,6.2,171 sq km
CZECHIA,"49 45 N, 15 30 E","78,867 sq km","77,247 sq km","1,620 sq km","2,046 km",0 km,"1,602 m",115 m,34.4,10.8,54.8,41.0,1.0,12.8,220 sq km
DENMARK,"56 00 N, 10 00 E","43,094 sq km","42,434 sq km",660 sq km,141 km,"7,314 km",171 m,-7 m,12.9,23.7,63.4,58.9,0.1,4.4,"2,360 sq km"
ESTONIA,"59 00 N, 26 00 E","45,228 sq km","42,388 sq km","2,840 sq km",657 km,"3,794 km",318 m,0 m,52.1,25.7,22.2,14.9,0.1,7.2,20 sq km
EUROPEAN UNION,,"4,236,351 sq km","4,236,351 sq km",0 sq km,"13,770 km","53,563.9 km","4,810 m",-7 m,41.0,20.2,38.8,60.0,6.0,34.0,"154,539.82 sq km"
FINLAND,"64 00 N, 26 00 E","338,145 sq km","303,815 sq km","34,330 sq km","2,563 km","1,250 km","1,328 m",0 m,72.9,19.6,7.5,7.4,0.0,0.1,80 sq km
FRANCE,"metropolitan France: 46 00 N, 2 00 E;","643,801 sq km","640,427 sq km","3,374 sq km","3,956 km","4,853 km",,-2 m,29.2,18.1,52.7,33.4,1.8,17.5,"14,236 sq km"
GAZA STRIP,"31 25 N, 34 20 E",360 sq km,360 sq km,0 sq km,72 km,40 km,105 m,0 m,1.5,55.2,43.3,17.1,25.4,57.5,240 sq km
GERMANY,"51 00 N, 9 00 E","357,022 sq km","348,672 sq km","8,350 sq km","3,694 km","2,389 km","2,963 m",-3.5 m,31.8,20.2,48.0,34.1,0.6,13.3,"5,056 sq km"
GIBRALTAR,"36 08 N, 5 21 W",7 sq km,6.5 sq km,0 sq km,1.2 km,12 km,426 m,0 m,0.0,100.0,0.0,0.0,0.0,0.0,0 sq km
GREECE,"39 00 N, 22 00 E","131,957 sq km","130,647 sq km","1,310 sq km","1,110 km","13,676 km",,0 m,30.5,6.1,63.4,19.7,8.9,34.8,"11,853 sq km"
GREENLAND,"72 00 N, 40 00 W","2,166,086 sq km","2,166,086 sq km",,0 km,"44,087 km","3,694 m",0 m,0.0,99.4,0.6,0.0,0.0,0.6,
GUERNSEY,"49 28 N, 2 35 W",78 sq km,78 sq km,0 sq km,0 km,50 km,114 m,0 m,0.0,100.0,0.0,0.0,0.0,0.0,0 sq km
HEARD ISLAND AND MCDONALD ISLANDS,"53 06 S, 72 31 E",412 sq km,412 sq km,0 sq km,0 km,101.9 km,"2,745 m",0 m,0.0,100.0,0.0,0.0,0.0,0.0,0 sq km
HONG KONG,"22 15 N, 114 10 E","1,108 sq km","1,073 sq km",35 sq km,33 km,733 km,958 m,0 m,0.0,95.0,5.0,3.2,0.9,0.9,10 sq km
HUNGARY,"47 00 N, 20 00 E","93,028 sq km","89,608 sq km","3,420 sq km","2,106 km",0 km,"1,014 m",78 m,22.5,18.6,58.9,48.5,2.0,8.4,"1,010 sq km"
ICELAND,"65 00 N, 18 00 W","103,000 sq km","100,250 sq km","2,750 sq km",0 km,"4,970 km","2,110 m",0 m,0.3,81.0,18.7,1.2,0.0,17.5,0.5 sq km
INDIAN OCEAN,"20 00 S, 80 00 E",70.56 million sq km,0 sq km,70.56 million sq km,0 km,"66,526 km",0 m,"-7,192 m",0.0,0.0,0.0,0.0,0.0,0.0,0 sq km
IRELAND,"53 00 N, 8 00 W","70,273 sq km","68,883 sq km","1,390 sq km",490 km,"1,448 km","1,041 m",0 m,10.9,23.0,66.1,15.4,0.0,50.7,0 sq km
ISLE OF MAN,"54 15 N, 4 30 W",572 sq km,572 sq km,0 sq km,0 km,160 km,621 m,0 m,6.1,19.2,74.7,43.8,0.0,30.9,
ITALY,"42 50 N, 12 50 E","301,340 sq km","294,140 sq km","7,200 sq km","1,836.4 km","7,600 km","4,748 m",0 m,31.4,21.5,47.1,22.8,8.6,15.7,"26,010 sq km"
JAPAN,"36 00 N, 138 00 E","377,915 sq km","364,485 sq km","13,430 sq km",0 km,"29,751 km","3,776 m",-4 m,68.5,19.0,12.5,11.7,0.8,0.0,"15,730 sq km"
JERSEY,"49 15 N, 2 10 W",116 sq km,116 sq km,0 sq km,0 km,70 km,136 m,0 m,0.0,34.0,66.0,66.0,0.0,0.0,0 sq km
"KOREA, NORTH","40 00 N, 127 00 E","120,538 sq km","120,408 sq km",130 sq km,"1,607 km","2,495 km","2,744 m",0 m,46.0,32.2,21.8,19.5,1.9,0.4,"14,600 sq km"
"KOREA, SOUTH","37 00 N, 127 30 E","99,720 sq km","96,920 sq km","2,800 sq km",237 km,"2,413 km","1,950 m",0 m,63.9,18.0,18.1,15.3,2.2,0.6,"7,780 sq km"
KOSOVO,"42 35 N, 21 00 E","10,887 sq km","10,887 sq km",0 sq km,714 km,0 km,"2,656 m",297 m,41.7,5.5,52.8,27.4,1.9,23.5,
LATVIA,"57 00 N, 25 00 E","64,589 sq km","62,249 sq km","2,340 sq km","1,370 km",498 km,312 m,0 m,54.1,16.7,29.2,18.6,0.1,10.5,6 sq km
LIECHTENSTEIN,"47 16 N, 9 32 E",160 sq km,160 sq km,0 sq km,75 km,0 km,"2,599 m",430 m,43.1,19.3,37.6,18.8,0.0,18.8,0 sq km
LITHUANIA,"56 00 N, 24 00 E","65,300 sq km","62,680 sq km","2,620 sq km","1,545 km",90 km,294 m,0 m,34.6,20.6,44.8,34.9,0.5,9.4,16 sq km
LUXEMBOURG,"49 45 N, 6 10 E","2,586 sq km","2,586 sq km",0 sq km,327 km,0 km,559 m,133 m,33.5,15.8,50.7,24.0,0.6,26.1,0 sq km
MALTA,"35 50 N, 14 35 E",316 sq km,316 sq km,0 sq km,0 km,196.8 km,253 m,0 m,0.9,66.8,32.3,28.4,3.9,0.0,35 sq km
MEXICO,"23 00 N, 102 00 W","1,964,375 sq km","1,943,945 sq km","20,430 sq km","4,389 km","9,330 km","5,636 m",-10 m,33.3,11.8,54.9,11.8,1.4,41.7,"60,620 sq km"
MOLDOVA,"47 00 N, 29 00 E","33,851 sq km","32,891 sq km",960 sq km,"1,885 km",0 km,430 m,2 m,11.9,13.2,74.9,55.1,9.1,10.7,"2,155 sq km"
MONACO,"43 44 N, 7 24 E",2 sq km,2 sq km,0 sq km,6 km,4.1 km,162 m,0 m,0.0,99.0,1.0,0.0,1.0,0.0,0 sq km
MONTENEGRO,"42 30 N, 19 18 E","13,812 sq km","13,452 sq km",360 sq km,680 km,293.5 km,"2,534 m",0 m,40.4,21.4,38.2,12.9,1.2,24.1,24 sq km
NETHERLANDS,"52 31 N, 5 46 E","41,543 sq km","33,893 sq km","7,650 sq km","1,053 km",451 km,,-7 m,10.8,34.1,55.1,29.8,1.1,24.2,"2,969 sq km"
NEW ZEALAND,"41 00 S, 174 00 E","268,838 sq km","264,537 sq km","4,301 sq km",0 km,"15,134 km","3,764 m",0 m,31.4,25.4,43.2,1.8,0.3,41.1,"7,000 sq km"
NORTH MACEDONIA,"41 50 N, 22 00 E","25,713 sq km","25,433 sq km",280 sq km,838 km,0 km,"2,764 m",50 m,39.8,15.9,44.3,16.4,1.4,26.5,844 sq km
NORWAY,"62 00 N, 10 00 E","323,802 sq km","304,282 sq km","19,520 sq km","2,566 km","25,148 km","2,469 m",0 m,27.8,69.5,2.7,2.2,0.0,0.5,337 sq km
PACIFIC OCEAN,"0 00 N, 160 00 W",168.723 million sq km,0 sq km,168.723 million sq km,0 km,"135,663 km",0 m,"-10,924 m",0.0,0.0,0.0,0.0,0.0,0.0,0 sq km
POLAND,"52 00 N, 20 00 E","312,685 sq km","304,255 sq km","8,430 sq km","2,865 km",440 km,"2,499 m",-2 m,30.6,21.2,48.2,36.2,1.3,10.7,760 sq km
PORTUGAL,"39 30 N, 8 00 W","92,090 sq km","91,470 sq km",620 sq km,"1,224 km","1,793 km","2,351 m",0 m,37.8,22.5,39.7,11.9,7.8,20.0,"5,662 sq km"
ROMANIA,"46 00 N, 25 00 E","238,391 sq km","229,891 sq km","8,500 sq km","2,844 km",225 km,"2,544 m",0 m,28.7,10.6,60.7,39.1,1.9,19.7,"4,730 sq km"
RUSSIA,"60 00 N, 100 00 E","17,098,242 sq km","16,377,742 sq km","720,500 sq km","22,407 km","37,653 km","5,642 m",-28 m,49.4,37.5,13.1,7.3,0.1,5.7,"43,000 sq km"
SERBIA,"44 00 N, 21 00 E","77,474 sq km","77,474 sq km",0 sq km,"2,322 km",0 km,"2,169 m",35 m,31.6,10.5,57.9,37.7,3.4,16.8,520 sq km
SLOVAKIA,"48 40 N, 19 30 E","49,035 sq km","48,105 sq km",930 sq km,"1,587 km",0 km,"2,655 m",94 m,40.2,19.7,40.1,28.9,0.4,10.8,211 sq km
SLOVENIA,"46 07 N, 14 49 E","20,273 sq km","20,151 sq km",122 sq km,"1,211 km",46.6 km,"2,864 m",0 m,62.3,14.9,22.8,8.4,1.3,13.1,39 sq km
SOUTHERN OCEAN,"60 00 S, 90 00 E",21.96 million sq km,0 sq km,21.96 million sq km,0 km,"17,968 km",0 m,"-7,434 m",0.0,0.0,0.0,0.0,0.0,0.0,0 sq km
SPAIN,"40 00 N, 4 00 W","505,370 sq km","498,980 sq km","6,390 sq km","1,952.7 km","4,964 km","3,718 m",0 m,36.8,25.1,54.1,24.9,9.1,20.1,"38,000 sq km"
SWEDEN,"62 00 N, 15 00 E","450,295 sq km","410,335 sq km","39,960 sq km","2,211 km","3,218 km","2,100 m",-2.4 m,68.7,23.8,7.5,6.4,0.0,1.1,519 sq km
SWITZERLAND,"47 00 N, 8 00 E","41,277 sq km","39,997 sq km","1,280 sq km","1,770 km",0 km,"4,634 m",195 m,31.5,29.8,38.7,10.2,0.6,27.9,327 sq km
TAIWAN,"23 30 N, 121 00 E","35,980 sq km","32,260 sq km","3,720 sq km",0 km,"1,566.3 km","3,952 m",0 m,,77.3,22.7,16.9,5.8,,"3,820 sq km"
TURKEY (TURKIYE),"39 00 N, 35 00 E","783,562 sq km","769,632 sq km","13,930 sq km","2,816 km","7,200 km","5,137 m",0 m,14.9,35.4,49.7,26.7,4.0,19.0,"52,150 sq km"
UKRAINE,"49 00 N, 32 00 E","603,550 sq km","579,330 sq km","24,220 sq km","5,581 km","2,782 km","2,061 m",0 m,16.8,12.0,71.2,56.1,1.5,13.6,"4,350 sq km"
UNITED KINGDOM,"54 00 N, 2 00 W","243,610 sq km","241,930 sq km","1,680 sq km",499 km,"12,429 km","1,345 m",-4 m,11.9,17.1,71.0,25.1,0.2,45.7,718 sq km
UNITED STATES,"38 00 N, 97 00 W","9,833,517 sq km","9,147,593 sq km","685,924 sq km","12,002 km","19,924 km","6,190 m",-86 m,33.3,22.2,44.5,16.8,0.3,27.4,"234,782 sq km"
VIETNAM,"16 10 N, 107 50 E","331,210 sq km","310,070 sq km","21,140 sq km","4,616 km","3,444 km","3,144 m",0 m,45.0,20.2,34.8,20.6,12.1,2.1,"46,000 sq km"
WORLD,,510.072 million sq km,148.94 million sq km,361.899 million sq km,0 km,"356,000 km","8,849 m","-3,500 m",31.0,31.0,38.0,27.0,3.0,70.0,"3,242,917 sq km"
